Flow Rate,LCOW,Specific Energy Consumption
1.16e-06,2328.696878885671,0.011735959526818683
0.00071287,3.8170264395903177,0.011735959518230539
0.00142458,1.9239347024755304,0.011735959518238047
0.00213629,1.2922188274605304,0.011735959518250898
0.002848,0.9762322399505895,0.011735959518266264
