Flow Rate,LCOW,Specific Energy Consumption
1.16e-06,2328.679274245691,0.013633689163537247
0.00071287,3.7994217929904996,0.013633689153557798
0.00142458,1.9063300558706753,0.013633689153566518
0.00213629,1.2746141808539977,0.013633689153581454
0.002848,0.9586275933432227,0.013633689153599296
